<?xml version='1.0' encoding='utf-8'?>
<!DOCTYPE hibernate-configuration PUBLIC
        "-//Hibernate/Hibernate Configuration DTD//EN"
        "http://www.hibernate.org/dtd/hibernate-configuration-3.0.dtd">
<hibernate-configuration>
    <session-factory>
        <property name="hibernate.connection.driver_class">com.mysql.jdbc.Driver</property>
        <property name="connection.url">jdbc:mysql://localhost:3306/hibernate_db</property>
        <property name="hibernate.connection.username">root</property>
        <property name="hibernate.connection.password">Ss189481997</property>
        <mapping class="models.Address"/>
        <mapping class="models.Child"/>
        <mapping class="models.Parent"/>
        <mapping class="models.School"/>
        <mapping class="models.Zone"/>
    </session-factory>
</hibernate-configuration>